{"cameraMode":{"drawMode":0,"name":"Shaded","section":"Shading Mode"},"sceneLighting":false,"audioPlay":false,"sceneViewState":{"showFog":true,"showMaterialUpdate":false,"showSkybox":true,"showFlares":true,"showImageEffects":true,"showParticleSystems":true},"in2DMode":false,"pivot":{"x":2.661578893661499,"y":5.757706642150879,"z":-10.95415210723877},"rotation":{"x":-0.21690115332603455,"y":-0.1255289614200592,"z":0.02813662588596344,"w":-0.9676800966262817},"size":3.6507766246795656,"orthographic":false}